IP,Name,Source
1.117.61.116,WebPageTest Bot,https://www.webpagetest.org/addresses.php?f=json
13.36.154.207,WebPageTest Bot,https://www.webpagetest.org/addresses.php?f=json
13.70.181.210,WebPageTest Bot,https://www.webpagetest.org/addresses.php?f=json
13.208.89.86,WebPageTest Bot,https://www.webpagetest.org/addresses.php?f=json
13.246.114.251,WebPageTest Bot,https://www.webpagetest.org/addresses.php?f=json
15.184.48.78,WebPageTest Bot,https://www.webpagetest.org/addresses.php?f=json
20.74.211.96,WebPageTest Bot,https://www.webpagetest.org/addresses.php?f=json
34.21.9.50,WebPageTest Bot,https://www.webpagetest.org/addresses.php?f=json
34.39.131.22,WebPageTest Bot,https://www.webpagetest.org/addresses.php?f=json
34.40.137.12,WebPageTest Bot,https://www.webpagetest.org/addresses.php?f=json
34.84.123.12,WebPageTest Bot,https://www.webpagetest.org/addresses.php?f=json
34.91.238.70,WebPageTest Bot,https://www.webpagetest.org/addresses.php?f=json
34.92.96.4,WebPageTest Bot,https://www.webpagetest.org/addresses.php?f=json
34.94.159.140,WebPageTest Bot,https://www.webpagetest.org/addresses.php?f=json
34.101.194.174,WebPageTest Bot,https://www.webpagetest.org/addresses.php?f=json
34.106.208.213,WebPageTest Bot,https://www.webpagetest.org/addresses.php?f=json
34.124.137.169,WebPageTest Bot,https://www.webpagetest.org/addresses.php?f=json
34.130.107.20,WebPageTest Bot,https://www.webpagetest.org/addresses.php?f=json
34.154.170.5,WebPageTest Bot,https://www.webpagetest.org/addresses.php?f=json
34.159.56.80,WebPageTest Bot,https://www.webpagetest.org/addresses.php?f=json
34.240.49.81,WebPageTest Bot,https://www.webpagetest.org/addresses.php?f=json
35.228.243.201,WebPageTest Bot,https://www.webpagetest.org/addresses.php?f=json
35.242.177.6,WebPageTest Bot,https://www.webpagetest.org/addresses.php?f=json
39.104.13.61,WebPageTest Bot,https://www.webpagetest.org/addresses.php?f=json
43.200.31.191,WebPageTest Bot,https://www.webpagetest.org/addresses.php?f=json
43.204.105.75,WebPageTest Bot,https://www.webpagetest.org/addresses.php?f=json
49.232.162.18,WebPageTest Bot,https://www.webpagetest.org/addresses.php?f=json
49.233.249.157,WebPageTest Bot,https://www.webpagetest.org/addresses.php?f=json
74.62.157.137,WebPageTest Bot,https://www.webpagetest.org/addresses.php?f=json
101.43.149.237,WebPageTest Bot,https://www.webpagetest.org/addresses.php?f=json
104.199.223.119,WebPageTest Bot,https://www.webpagetest.org/addresses.php?f=json
115.159.57.46,WebPageTest Bot,https://www.webpagetest.org/addresses.php?f=json
124.156.244.42,WebPageTest Bot,https://www.webpagetest.org/addresses.php?f=json
124.220.31.125,WebPageTest Bot,https://www.webpagetest.org/addresses.php?f=json
150.109.170.94,WebPageTest Bot,https://www.webpagetest.org/addresses.php?f=json
150.109.172.224,WebPageTest Bot,https://www.webpagetest.org/addresses.php?f=json
150.158.3.127,WebPageTest Bot,https://www.webpagetest.org/addresses.php?f=json
